Query,Answer
What is health insurance?,Health insurance is a type of coverage that pays for medical and surgical expenses incurred by the insured.
What is the difference between term and whole life insurance?,"Term life insurance provides coverage for a specific period, whereas whole life insurance provides lifelong coverage with a cash value component."
How does car insurance work?,"Car insurance covers financial losses due to accidents, theft, or damages as per the policy terms."
What is a deductible in insurance?,A deductible is the amount you pay out-of-pocket before your insurance coverage kicks in.
How can I lower my insurance premium?,"You can lower your premium by maintaining a good credit score, increasing your deductible, and bundling multiple policies."
What does home insurance cover?,"Home insurance covers damage to your home and belongings due to events like fire, theft, and natural disasters."
What is liability coverage in auto insurance?,Liability coverage pays for damages or injuries you cause to others in an accident.
Can I cancel my insurance policy anytime?,"Yes, you can cancel your policy anytime, but you may have to pay cancellation fees or lose certain benefits."
What is travel insurance?,"Travel insurance covers unexpected travel-related risks like trip cancellations, medical emergencies, and lost baggage."
What is the grace period for premium payment?,A grace period is the additional time given after the due date to pay your premium without losing coverage.
What factors affect my car insurance premium?,"Factors include your driving history, age, location, car model, and coverage options."
What is renters insurance?,Renters insurance provides coverage for a tenant’s personal belongings and liability protection in case of accidents.
Does health insurance cover pre-existing conditions?,Coverage for pre-existing conditions depends on the policy and insurance provider; some plans may have waiting periods.
What is an insurance rider?,An insurance rider is an add-on or endorsement that provides additional coverage beyond the standard policy.
How do I file an insurance claim?,"To file a claim, contact your insurance provider, submit necessary documents, and follow their claims process."
What is No-Claim Bonus (NCB) in insurance?,NCB is a discount offered on premiums for policyholders who have not made any claims in a given period.
What is third-party insurance?,Third-party insurance covers damages or injuries caused to another person or their property but does not cover the policyholder’s losses.
Does life insurance have a cash value?,"Whole life and universal life insurance policies have a cash value component, whereas term life insurance does not."
What is a co-pay in health insurance?,A co-pay is a fixed amount you pay for medical services before the insurance covers the rest.
Can I transfer my car insurance to a new owner?,"Yes, car insurance can be transferred to the new owner by notifying the insurer and completing necessary paperwork."
Is flood damage covered under home insurance?,Standard home insurance usually does not cover flood damage; separate flood insurance is needed.
What is professional liability insurance?,Professional liability insurance protects professionals from claims of negligence or errors in their services.
How does usage-based car insurance work?,"Usage-based insurance adjusts premiums based on driving behavior, such as mileage and driving habits."
What is mortgage insurance?,Mortgage insurance protects the lender if the borrower defaults on the home loan.
Can I have multiple health insurance policies?,"Yes, you can have multiple policies, and claims can be filed with different insurers based on coordination of benefits."
What is an insurance premium?,"An insurance premium is the amount paid to the insurer for coverage, usually on a monthly or yearly basis."
What is umbrella insurance?,Umbrella insurance provides extra liability coverage beyond the limits of your existing policies.
What happens if I miss an insurance payment?,"If you miss a payment, you may have a grace period, after which your policy could lapse or be canceled."
What is the waiting period in health insurance?,The waiting period is the time you must wait before certain benefits become available under your health insurance plan.
What is endowment insurance?,Endowment insurance is a life insurance policy that pays a lump sum after a specific period or upon the insured's death.
How does business insurance work?,"Business insurance provides financial protection against risks like property damage, liability claims, and employee-related risks."
What is accidental death benefit?,An accidental death benefit is an additional payout in case the insured person dies due to an accident.
What is pet insurance?,"Pet insurance covers veterinary costs for illnesses, injuries, and sometimes preventive care for pets."
What is employer-sponsored health insurance?,Employer-sponsored health insurance is a plan offered by employers to provide medical coverage to employees.
What is key person insurance?,Key person insurance protects businesses from financial losses due to the death or disability of a key employee.
What is the difference between actual cash value and replacement cost?,"Actual cash value considers depreciation, while replacement cost covers the full price of replacing the insured item."
Does life insurance cover suicide?,"Many life insurance policies cover suicide after a waiting period, typically two years."
What is cargo insurance?,"Cargo insurance covers loss or damage to goods during transport by sea, air, or land."
What is a beneficiary in insurance?,A beneficiary is the person or entity who receives the insurance payout after the policyholder’s death.
Can I add my parents to my health insurance?,"Some policies allow adding parents as dependents, but it depends on the insurer and plan type."
What is the difference between primary and secondary health insurance?,"Primary insurance pays first, and secondary insurance covers remaining costs up to its policy limits."
Does home insurance cover mold damage?,"Home insurance typically covers mold damage only if it results from a covered peril, such as water damage from a burst pipe."
What is marine insurance?,"Marine insurance covers ships, cargo, and other maritime risks like accidents and piracy."
What is fire insurance?,"Fire insurance covers damages caused by fire, smoke, and related hazards."
Can I get life insurance if I have a pre-existing condition?,"Yes, but premiums may be higher, and some"